file_name;prompt_name;document_length;format_followed;question_number_correct;lead_time;spent_tokens;sys_prompt_template;usr_prompt_template;returned
data/it.txt;prompts/generate_question_prompt.yaml;7210;True;True;1.3209691047668457;173;"Перед тобой некоторая часть целостного документа. Придумай и напиши {num} УНИКАЛЬНЫХ КОРОТКИХ ВОПРОСА С 4 ВАРИАНТАМИ ОТВЕТА В КАЖДОМ , которые человек может задать к данному документу. Каждый вопрос должен иметь 4 варианта ответа, из которых только один верный. Используй информацию ТОЛЬКО из приведённой части документа. Используй непредвзятый и журналистский тон. Не повторяй текст.
Формат ответа: 1. Вопрос? a) b) c) d)
2. Вопрос? a) b) c) d)
Текст документа: {text}
{num} вопросов c вариантами ответа к документу на русском языке:";;1. Кто из персонажей владеет оружием, способным изменить мир?
data/it.txt;prompts/generate_question_prompt.yaml;7210;True;True;1.599440574645996;203;"Перед тобой некоторая часть целостного документа. Придумай и напиши {num} УНИКАЛЬНЫХ КОРОТКИХ ВОПРОСА С 4 ВАРИАНТАМИ ОТВЕТА В КАЖДОМ , которые человек может задать к данному документу. Каждый вопрос должен иметь 4 варианта ответа, из которых только один верный. Используй информацию ТОЛЬКО из приведённой части документа. Используй непредвзятый и журналистский тон. Не повторяй текст.
Формат ответа: 1. Вопрос? a) Вариант a b) Вариант b c) Вариант c d) Вариант d
2. Вопрос? a) Вариант a b) Вариант b c) Вариант c d) Вариант d
Текст документа: {text}
{num} вопросов c вариантами ответа к документу на русском языке:";-;"1. Вопрос: Кто является создателем камня?
a) Генерал
b) Профессор
c) Оба
d) Никто"
data/it.txt;prompts/generate_question_prompt.yaml;7210;True;True;1.5047383308410645;2310;"Перед тобой некоторая часть целостного документа. Придумай и напиши {num} УНИКАЛЬНЫХ КОРОТКИХ ВОПРОСА С 4 ВАРИАНТАМИ ОТВЕТА В КАЖДОМ , которые человек может задать к данному документу. Каждый вопрос должен иметь 4 варианта ответа, из которых только один верный. Используй информацию ТОЛЬКО из приведённой части документа. Используй непредвзятый и журналистский тон. Не повторяй текст.
Формат ответа: 1. Вопрос? a) Вариант a b) Вариант b c) Вариант c d) Вариант d
2. Вопрос? a) Вариант a b) Вариант b c) Вариант c d) Вариант d
Текст документа: {text}
{num} вопросов c вариантами ответа к документу на русском языке:";-;"1. Кто является главным героем данного фрагмента текста?
a) Генерал
b) Профессор
c) Оба персонажа"
data/it.txt;prompts/generate_question_prompt.yaml;7210;False;False;5.380611419677734;2411;"Перед тобой некоторая часть целостного документа. Придумай и напиши {num} УНИКАЛЬНЫХ КОРОТКИХ ВОПРОСА С 4 ВАРИАНТАМИ ОТВЕТА В КАЖДОМ , которые человек может задать к данному документу. Каждый вопрос должен иметь 4 варианта ответа, из которых только один верный. Используй информацию ТОЛЬКО из приведённой части документа. Используй непредвзятый и журналистский тон. Не повторяй текст.
Формат ответа: 1. Вопрос? a) Вариант a b) Вариант b c) Вариант c d) Вариант d
2. Вопрос? a) Вариант a b) Вариант b c) Вариант c d) Вариант d
Текст документа: {text}
{num} вопросов c вариантами ответа к документу на русском языке:";-;"1. Что такое DATAPK ITM-K?

Варианты ответа:
1. Агент DATAPK ITM-K
2. Устройство DATAPK ITM-K
3. Программа DATAPK ITM-K
4. Модуль DATAPK ITM-K

1. Какой объем ОЗУ требуется для уровня филиала?
a) 256 Мб
b) 512 Мб
c) 1024 Мб
d) 2048 Мб

1. Для настройки группы пользователей необходимо выполнить следующее:
   a) Нажмите на «Создать группу» (или на имени группы для редактирования существующей группы).
   b) Измените в диалоге атрибуты группы.

"
data/it.txt;prompts/generate_question_prompt.yaml;7210;False;True;4.609467267990112;2432;"Перед тобой некоторая часть целостного документа. Придумай и напиши {num} УНИКАЛЬНЫХ КОРОТКИХ ВОПРОСА С 4 ВАРИАНТАМИ ОТВЕТА В КАЖДОМ , которые человек может задать к данному документу. Каждый вопрос должен иметь 4 варианта ответа, из которых только один верный. Используй информацию ТОЛЬКО из приведённой части документа. Используй непредвзятый и журналистский тон. Не повторяй текст. Обязательно пиши вопросительный знак в конце каждого вопроса. Каждый из 4 вариантов ответа обозначай соответствующей латинской буквой: a), b), c), d)
Формат ответа: "" 1. Вопрос? a) Вариант a b) Вариант b c) Вариант c d) Вариант d
2. Вопрос? a) Вариант a b) Вариант b c) Вариант c d) Вариант d ""
Текст документа: {text}
{num} вопросов c 4 вариантами ответа к документу на русском языке:";-;"1. Какие элементы можно добавить на карту сети?
a) Узел сети
b) Карта сети
c) Триггер
d) Изображение

Вопрос: Что нужно сделать после установки ОС?
Варианты ответа:
a) Нажать кнопку ""Перезагрузить""
b) Ввести пароль супер-пользователя
c) Создать нового пользователя
d) Нажать кнопку ""Завершить""

1. Вопрос? a) Вариант a b) Вариант b c) Вариант c d) Вариант d

"
data/it.txt;prompts/generate_question_prompt.yaml;7210;False;True;5.721784353256226;2467;"Перед тобой некоторая часть целостного документа. Придумай и напиши {num} УНИКАЛЬНЫХ КОРОТКИХ ВОПРОСА С 4 ВАРИАНТАМИ ОТВЕТА В КАЖДОМ , которые человек может задать к данному документу. Каждый вопрос должен иметь 4 варианта ответа, из которых только один верный. Используй информацию ТОЛЬКО из приведённой части документа. Используй непредвзятый и журналистский тон. Не повторяй текст. Обязательно пиши вопросительный знак в конце каждого вопроса. Каждый из 4 вариантов ответа обозначай соответствующей латинской буквой: a), b), c), d) Каждый вопрос нумеруй.
Формат ответа: "" 1. Вопрос? a) Вариант ответа b) Вариант ответа c) Вариант ответа d) Вариант ответа
2. Вопрос? a) Вариант ответа b) Вариант ответа c) Вариант ответа d) Вариант ответа ""
Текст документа: {text}
{num} вопросов c 4 вариантами ответа к документу на русском языке:";-;"1. Какой OID используется для мониторинга SNMP?
a) .1.3.6.1.2.1.2.2.1.10.3
b) .1.3.6.1.2.1.2.2.1.11.3
c) .1.3.6.1.2.1.2.2.1.12.3
d) .1.3.6.1.2.1.2.2.1.13.3

Ваш вопрос не совсем понятен. Если вы хотите узнать, как использовать определенные функции или опции в документе, пожалуйста, уточните ваш вопрос.

1. Какой порт нужно открыть в межсетевом экране для корректной работы СУБД?
a) 10265
b) 10050
c) 10051
d) 5432

"
data/it.txt;prompts/generate_question_prompt.yaml;7210;False;False;6.83587121963501;2677;"Перед тобой некоторая часть целостного документа. Придумай и напиши {num} УНИКАЛЬНЫХ КОРОТКИХ ВОПРОСА С 4 ВАРИАНТАМИ ОТВЕТА В КАЖДОМ , которые человек может задать к данному документу. Каждый вопрос должен иметь 4 варианта ответа, из которых только один верный. Используй информацию ТОЛЬКО из приведённой части документа. Используй непредвзятый и журналистский тон. Не повторяй текст. Обязательно пиши вопросительный знак в конце каждого вопроса. Каждый из 4 вариантов ответа обозначай соответствующей латинской буквой: a), b), c), d) Каждый вопрос нумеруй.
Формат ответа: "" 1. Вопрос? a) Вариант ответа b) Вариант ответа c) Вариант ответа d) Вариант ответа
2. Вопрос? a) Вариант ответа b) Вариант ответа c) Вариант ответа d) Вариант ответа ""
Текст документа: {text}
{num} вопросов c 4 вариантами ответа к документу на русском языке:";-;"1. Вопрос? a) Вариант ответа b) Вариант ответа c) Вариант ответа d) Вариант ответа

1. Какой из следующих документов относится к документации по использованию системы?
a) data/topics/usage/usage.dita
b) data/topics/usage/usage_configuration.dita
c) data/topics/usage/usage_help.dita
d) data/topics/usage/usage_tutorial.dita

Ответ: a) data/topics/usage/usage.dita

Ваш вопрос не совсем понятен. Если вы хотите узнать, как использовать JavaScript в качестве предобработчика, то ответ будет: 

- Да, можно использовать JavaScript в качестве предобработчика.
- Да, можно использовать JavaScript в качестве предобработчика.
- Нет, нельзя использовать JavaScript в качестве предобработчика.
- Нет, нельзя использовать JavaScript в качестве предобработчика.

Если вы хотите узнать, как использовать регулярные выражения для проверки значений, то ответ будет: 

- Да, можно использовать регулярные выражения для проверки значений.
- Да, можно использовать регулярные выражения для проверки значений.
- Нет, нельзя использовать регулярные выражения для проверки значений.
- Нет, нельзя использовать регулярные выражения для проверки значений.

"
data/it.txt;prompts/generate_question_prompt.yaml;7210;False;False;6.2796549797058105;2625;"Перед тобой некоторая часть целостного документа. Придумай и напиши {num} УНИКАЛЬНЫХ КОРОТКИХ ВОПРОСА С 4 ВАРИАНТАМИ ОТВЕТА В КАЖДОМ , которые человек может задать к данному документу. Каждый вопрос должен иметь 4 варианта ответа, из которых только один верный. Используй информацию ТОЛЬКО из приведённой части документа. Используй непредвзятый и журналистский тон. Не повторяй текст. Обязательно пиши вопросительный знак в конце каждого вопроса. Каждый из 4 вариантов ответа обозначай соответствующей латинской буквой: a), b), c), d) Каждый вопрос нумеруй.
Твой ответ должен быть в таком формате: "" 1. ? a) b) c) d) ""
Текст документа: {text}
{num} вопросов c 4 вариантами ответа к документу на русском языке:";-;"1. Какой параметр должен быть указан в поле «Имя прокси» при настройке сервера агентов?
a) IP адрес пассивного сервера агентов
b) DNS имя пассивного сервера агентов
c) Имя сервера агентов
d) Порт, номер TCP/UDP


Ваш вопрос касается документа на русском языке, в котором представлены четыре варианта ответа на один вопрос. К сожалению, вы не предоставили сам документ, поэтому я не могу дать конкретный ответ на ваш вопрос. Однако, я могу предположить, что в документе представлены различные параметры и настройки, связанные с работой Zabbix, и вам интересно, какой из предложенных вариантов ответа является правильным.

Чтобы ответить на ваш вопрос, мне необходимо увидеть сам документ. Пожалуйста, предоставьте его, и я смогу дать более конкретный ответ.

1. Какие действия следует предпринять при ошибке «An HTTP request took too long to complete» при запуске работы контейнеров DATAPK ITM-K? 
a) Попробуйте перезагрузить веб-интерфейс.
b) Обратитесь в службу поддержки.
c) Проверьте доступность сетевого подключения.
d) Проверьте журналы ошибок для выявления причины задержки.

"
data/it.txt;prompts/generate_question_prompt.yaml;7210;False;False;6.475155353546143;2613;"Перед тобой некоторая часть целостного документа. Придумай и напиши {num} УНИКАЛЬНЫХ КОРОТКИХ ВОПРОСА С 4 ВАРИАНТАМИ ОТВЕТА В КАЖДОМ , которые человек может задать к данному документу. Каждый вопрос должен иметь 4 варианта ответа, из которых только один верный. Используй информацию ТОЛЬКО из приведённой части документа. Используй непредвзятый и журналистский тон. Не повторяй текст. Обязательно пиши вопросительный знак в конце каждого вопроса. Каждый из 4 вариантов ответа обозначай соответствующей латинской буквой: a), b), c), d) Каждый вопрос нумеруй.
Твой ответ должен быть в таком формате: "" 1. ? a) b) c) d) ""
Текст документа: {text}
{num} вопросов c 4 вариантами ответа к документу на русском языке:";-;"1. Какие требования к аппаратному обеспечению уровней филиалов и предприятий приведены в таблице? 
a) Суммарный объем объектов мониторинга с учетом подчиненных серверов
b) Объем ОЗУ
c) Объем дисковой подсистемы
d) Объем дисковой подсистемы для ОС

1. Какие требования к аппаратному обеспечению уровней филиалов и предприятий приведены в таблице? 
a) Суммарный объем объектов мониторинга с учетом подчиненных серверов
b) Объем ОЗУ
c) Объем дисковой подсистемы
d) Объем дисковой подсистемы для ОС

Ваш вопрос касается документа на русском языке, в котором представлены четыре варианта ответа на один вопрос. К сожалению, вы не предоставили сам документ, поэтому я не могу дать конкретный ответ на ваш вопрос. Однако, я могу предположить, что в документе представлены различные параметры и настройки, связанные с работой Zabbix, и вам интересно, какой из предложенных вариантов ответа является правильным.

Чтобы ответить на ваш вопрос, мне необходимо увидеть сам документ. Пожалуйста, предоставьте его, и я смогу дать более конкретный ответ.

"
data/it.txt;prompts/generate_question_prompt.yaml;7210;False;True;5.157830238342285;2471;"Перед тобой некоторая часть целостного документа. Придумай и напиши {num} УНИКАЛЬНЫХ КОРОТКИХ ВОПРОСА С 4 ВАРИАНТАМИ ОТВЕТА В КАЖДОМ , которые человек может задать к данному документу. Каждый вопрос должен иметь 4 варианта ответа, из которых только один верный. Используй информацию ТОЛЬКО из приведённой части документа. Используй непредвзятый и журналистский тон. Не повторяй текст. Обязательно пиши вопросительный знак в конце каждого вопроса. Каждый из 4 вариантов ответа обозначай соответствующей латинской буквой: a), b), c), d) Каждый вопрос нумеруй.
Твой ответ должен быть в таком формате: "" 1. ? a) b) c) d) ""
Текст документа: {text}
{num} вопросов c 4 вариантами ответа к документу на русском языке:";-;"1. Какие обязательные поля ввода отмечены красной звездочкой?
a) Имя
b) Описание
c) Имя события
d) Оперативные данные

1. Какой порт нужно открыть в межсетевом экране для корректной работы СУБД?
a) 10265
b) 10050
c) 10051
d) 5432

1. Какие действия следует предпринять при ошибке «An HTTP request took too long to complete» при запуске работы контейнеров DATAPK ITM-K? 
a) Попробуйте перезагрузить веб-интерфейс.
b) Обратитесь в службу поддержки.
c) Проверьте доступность сетевого подключения.
d) Проверьте журналы ошибок для выявления причины задержки.

"
data/it.txt;prompts/generate_question_prompt.yaml;7210;False;False;31.001036405563354;3891;"Перед тобой некоторая часть целостного документа. Придумай и напиши {num} УНИКАЛЬНЫХ КОРОТКИХ ВОПРОСА С 4 ВАРИАНТАМИ ОТВЕТА В КАЖДОМ , которые человек может задать к данному документу. Каждый вопрос должен иметь 4 варианта ответа, из которых только один верный. Используй информацию ТОЛЬКО из приведённой части документа. Используй непредвзятый и журналистский тон. Не повторяй текст. Обязательно пиши вопросительный знак в конце каждого вопроса. Каждый из 4 вариантов ответа обозначай соответствующей латинской буквой: a), b), c), d) Каждый вопрос нумеруй.
Твой ответ должен быть в таком формате: "" 1. ? a) b) c) d) ""
Текст документа: {text}
{num} вопросов c 4 вариантами ответа к документу на русском языке:";-;"1. Какие требования к аппаратному обеспечению уровней филиалов и предприятий приведены в таблице? 
a) Суммарный объем объектов мониторинга с учетом подчиненных серверов
b) Объем ОЗУ
c) Объем дисковой подсистемы
d) Объем дисковой подсистемы для ОС

Ваш вопрос не совсем понятен. Если вы хотите узнать, как использовать определенные функции или опции в документе, пожалуйста, уточните ваш вопрос.

Из представленного текста не ясно, какой конкретно вопрос требуется задать к документу. Текст содержит описание различных событий и сообщений, которые могут возникнуть при работе в веб-интерфейсе, а также указания на роли пользователей, которым доступны эти сообщения. Однако, ни один из этих фрагментов не представляет собой вопрос, на который требуется ответить. 

Если у вас есть конкретный вопрос по этому тексту, пожалуйста, уточните его, и я постараюсь помочь вам.

1. Какие действия следует предпринять при ошибке «An HTTP request took too long to complete» при запуске работы контейнеров DATAPK ITM-K? 
a) Попробуйте перезагрузить веб-интерфейс.
b) Обратитесь в службу поддержки.
c) Проверьте доступность сетевого подключения.
d) Проверьте журналы ошибок для выявления причины задержки.

Вопрос: Что нужно сделать после установки ОС?
Варианты ответа:
a) Нажать кнопку ""Перезагрузить""
b) Ввести пароль супер-пользователя
c) Создать нового пользователя
d) Нажать кнопку ""Завершить""

1. Какой тип графика можно выбрать для пользовательского графика?
a) Нормальный
b) Стекируемый
c) Круговой
d) Расширенный круговой

Ваш вопрос не совсем понятен. Если вы хотите узнать, как использовать JavaScript в качестве предобработчика, то ответ будет: 

- Да, можно использовать JavaScript в качестве предобработчика.
- Да, можно использовать JavaScript в качестве предобработчика.
- Нет, нельзя использовать JavaScript в качестве предобработчика.
- Нет, нельзя использовать JavaScript в качестве предобработчика.

Если вы хотите узнать, как использовать регулярные выражения для проверки значений, то ответ будет: 

- Да, можно использовать регулярные выражения для проверки значений.
- Да, можно использовать регулярные выражения для проверки значений.
- Нет, нельзя использовать регулярные выражения для проверки значений.
- Нет, нельзя использовать регулярные выражения для проверки значений.

1. Какие элементы можно добавить на карту сети?
a) Узел сети
b) Карта сети
c) Триггер
d) Изображение

1. Какие функции можно проверить у АСУ ТП, в состав которых входят объекты мониторинга?
a) Функции мониторинга
b) Функции управления
c) Функции автоматизации
d) Функции сбора данных

1. Для настройки группы пользователей необходимо выполнить следующее:
   a) Нажмите на «Создать группу» (или на имени группы для редактирования существующей группы).
   b) Измените в диалоге атрибуты группы.
   c) Нажмите на «Продолжить».
   d) Нажмите на «Группа пользователей».
   e) Выберите «Параметр» и «Описание».
   f) Нажмите на «Добавить».
   g) Введите имя группы и нажмите на «Создать».
   h) Нажмите на «Изменить».
   i) Введите имя группы и нажмите на «Сохранить».
   j) Нажмите на «Продолжить».
   k) Нажмите на «Группа пользователей».
   l) Выберите «Параметр» и «Описание».
   m) Нажмите на «Добавить».
   n) Введите имя группы и нажмите на «Создать».
   o) Нажмите на «Изменить».
   p) Введите имя группы и нажмите на «Сохранить».
   q) Нажмите на «Продолжить».
   r) Нажмите на «Группа пользователей».
   s) Выберите «Параметр» и «Описание».
   t) Нажмите на «Добавить».
   u) Введите имя группы и нажмите на «Создать».
   v) Нажмите на «Изменить».
   w) Введите имя группы и нажмите на «Сохранить».
   x) Нажмите на «Продолжить».
   y) Нажмите на «Группа пользователей».
   z) Выберите «Параметр» и «Описание».
   a) Нажмите на «Добавить».
   b) Введите имя группы и нажмите на «Создать».
   c) Нажмите на «Изменить».
   d) Введите имя группы и нажмите на «Сохранить».
   e) Нажмите на «Продолжить».
   f) Нажмите на «Группа пользователей».
   g) Выберите «Параметр» и «Описание».
   h) Нажмите на «Добавить».
   i) Введите имя группы и нажмите на «Создать».
   j) Нажмите на «Изменить».
   k) Введите имя группы и нажмите на «Сохранить».
   l) Нажмите на «Продолжить».
   m) Нажмите на «Группа пользователей».
   n) Выберите «Параметр» и «Описание».
   o) Нажмите на «Добавить».
   p) Введите имя группы и нажмите на «Создать».
   q) Нажмите на «Изменить».
   r) Введите имя группы и нажмите на «Сохранить».
   s) Нажмите на «Продолжить».
   t) Нажмите на «Группа пользователей».
   u) Выберите «Параметр» и «Описание».
   v) Нажмите на «Добавить».
   w) Введите имя группы и нажмите на «Создать».
   x) Нажмите на «Изменить».
   y) Введите имя группы и нажмите на «Сохранить».
   z) Нажмите на «Продолжить».
   a) Нажмите на «Группа пользователей».
   b) Выберите «Параметр» и «Описание».
   c) Нажмите на «Добавить».
   d) Введите имя группы и нажмите на «Создать».
   e) Нажмите на «Изменить».
   f) Введите имя группы и нажмите на «Сохранить».
   g) Нажмите на «Продолжить».
   h) Нажмите на «Группа пользователей».
   i) Выберите «Параметр» и «Описание».
   j) Нажмите на «Добавить».
   k) Введите имя группы и нажмите на «Создать».
   l) Нажмите на «Изменить».
   m) Введите имя группы и нажмите на «Сохранить».
   n) Нажмите на «Продолжить».
   o) Нажмите на «Группа пользователей».
   p) Выберите «Параметр» и «Описание».
   q) Нажмите на «Добавить».
   r) Введите имя группы и нажмите на «Создать».
   s) Нажмите на «

"
data/it.txt;prompts/generate_question_prompt.yaml;7210;False;False;5.375753879547119;2647;"Перед тобой некоторая часть целостного документа. Придумай и напиши {num} УНИКАЛЬНЫХ КОРОТКИХ ВОПРОСА С 4 ВАРИАНТАМИ ОТВЕТА В КАЖДОМ , которые человек может задать к данному документу. Каждый вопрос должен иметь 4 варианта ответа, из которых только один верный. Используй информацию ТОЛЬКО из приведённой части документа. Используй непредвзятый и журналистский тон. Не повторяй текст. Обязательно пиши вопросительный знак в конце каждого вопроса. Каждый из 4 вариантов ответа обозначай соответствующей латинской буквой: a), b), c), d) Каждый вопрос нумеруй.
Твой ответ должен быть в таком формате: "" 1. ? a) b) c) d) ""
Текст документа: {text}
{num} вопросов c 4 вариантами ответа к документу на русском языке:";-;"1. Какую роль играет камень в истории?
a) Он служит орудием мирного труда и прогресса.
b) Он является источником страшной разрушительной силы.
c) Он помогает увеличить силу человека.
d) Он используется для создания других камней.

2. Что хочет сделать Генерал с камнем?
a) Показать его всем членам Орды.
b) Уничтожить его.
c) Использовать его для строительства новых пещер.
d) Использовать его для ращения почвы.

3. Кто является владельцем камня?
a) Профессор Ка.
b) Генерал.
c) Орда Коамма.
d) Народ.

Обоснование:
1. Ответы a), b) и d) соответствуют тексту, где говорится о том, что камень был создан Профессором Ка, использовался для увеличения силы человека и мог быть использован для строительства или ращения почвы.
2. В тексте указано, что Генерал хочет забрать камень у Профессора и показать его всем членам Орды, что соответствует варианту ответа a). Однако, также в тексте говорится о том, что Генерал хочет уничтожить камень, что соответствует варианту ответа b). Поэтому оба этих варианта являются правильными.
3. В тексте не упоминается, что кто-то кроме Профессора Ка является владельцем камня, поэтому вариант ответа c) не является правильным."
data/it.txt;prompts/generate_question_prompt.yaml;7210;False;False;5.368077754974365;2647;"Перед тобой некоторая часть целостного документа. Придумай и напиши {num} УНИКАЛЬНЫХ КОРОТКИХ ВОПРОСА С 4 ВАРИАНТАМИ ОТВЕТА В КАЖДОМ , которые человек может задать к данному документу. Каждый вопрос должен иметь 4 варианта ответа, из которых только один верный. Используй информацию ТОЛЬКО из приведённой части документа. Используй непредвзятый и журналистский тон. Не повторяй текст. Обязательно пиши вопросительный знак в конце каждого вопроса. Каждый из 4 вариантов ответа обозначай соответствующей латинской буквой: a), b), c), d) Каждый вопрос нумеруй.
Твой ответ должен быть в таком формате: "" 1. ? a) b) c) d) ""
Текст документа: {text}
{num} вопросов c 4 вариантами ответа к документу на русском языке:";-;"1. Какую роль играет камень в истории?
a) Он служит орудием мирного труда и прогресса.
b) Он является источником страшной разрушительной силы.
c) Он помогает увеличить силу человека.
d) Он используется для создания других камней.

2. Что хочет сделать Генерал с камнем?
a) Показать его всем членам Орды.
b) Уничтожить его.
c) Использовать его для строительства новых пещер.
d) Использовать его для ращения почвы.

3. Кто является владельцем камня?
a) Профессор Ка.
b) Генерал.
c) Орда Коамма.
d) Народ.

Обоснование:
1. Ответы a), b) и d) соответствуют тексту, где говорится о том, что камень был создан Профессором Ка, использовался для увеличения силы человека и мог быть использован для строительства или ращения почвы.
2. В тексте указано, что Генерал хочет забрать камень у Профессора и показать его всем членам Орды, что соответствует варианту ответа a). Однако, также в тексте говорится о том, что Генерал хочет уничтожить камень, что соответствует варианту ответа b). Поэтому оба этих варианта являются правильными.
3. В тексте не упоминается, что кто-то кроме Профессора Ка является владельцем камня, поэтому вариант ответа c) не является правильным."
data/it.txt;prompts/generate_question_prompt.yaml;7210;False;False;5.826075792312622;2669;"Перед тобой некоторая часть целостного документа. Придумай и напиши {num} УНИКАЛЬНЫХ КОРОТКИХ ВОПРОСА С 4 ВАРИАНТАМИ ОТВЕТА В КАЖДОМ , которые человек может задать к данному документу. Каждый вопрос должен иметь 4 варианта ответа, из которых только один верный. Используй информацию ТОЛЬКО из приведённой части документа. Используй непредвзятый и журналистский тон. Не повторяй текст. Обязательно пиши вопросительный знак в конце каждого вопроса. Каждый из 4 вариантов ответа обозначай соответствующей латинской буквой: a), b), c), d) Каждый вопрос нумеруй.
Твой ответ должен быть в таком формате: "" 1. ? a) b) c) d) ""
Текст документа: {text}
{num} вопросов c 4 вариантами ответа к документу на русском языке:";-;"1. Какую роль играет камень в истории?
a) Он служит орудием мирного труда и прогресса.
b) Он является источником страшной разрушительной силы.
c) Он помогает увеличить силу человека.
d) Он используется для создания других камней.

2. Что хочет сделать Генерал с камнем?
a) Показать его всем членам Орды.
b) Уничтожить его.
c) Использовать его для строительства новых пещер.
d) Использовать его для ращения почвы.

3. Кто является владельцем камня?
a) Профессор Ка.
b) Генерал.
c) Орда Коамма.
d) Народ.

Обоснование:
1. Ответы a), b) и d) соответствуют тексту, где говорится о том, что камень был создан Профессором Ка, использовался для увеличения силы человека и мог быть использован для строительства или ращения почвы.
2. В тексте указано, что Генерал хочет забрать камень у Профессора и показать его всем членам Орды, что соответствует варианту ответа a). Однако, также в тексте говорится о том, что Генерал хочет уничтожить камень, что соответствует варианту ответа b). Поэтому оба этих варианта являются правильными.
3. В тексте не упоминается, что кто-то кроме Профессора Ка является владельцем камня, поэтому вариант ответа c) неверен. Также не указано, что народ является владельцем камня, поэтому вариант ответа d) неверен."
data/it.txt;prompts/generate_question_prompt.yaml;7210;False;True;12.185142755508423;3225;"Перед тобой некоторая часть целостного документа. Придумай и напиши {num} УНИКАЛЬНЫХ КОРОТКИХ ВОПРОСА С 4 ВАРИАНТАМИ ОТВЕТА В КАЖДОМ , которые человек может задать к данному документу. Каждый вопрос должен иметь 4 варианта ответа, из которых только один верный. Используй информацию ТОЛЬКО из приведённой части документа. Используй непредвзятый и журналистский тон. Не повторяй текст. Обязательно пиши вопросительный знак в конце каждого вопроса. Каждый из 4 вариантов ответа обозначай соответствующей латинской буквой: a), b), c), d) Каждый вопрос нумеруй.
Твой ответ должен быть в таком формате: "" 1. ? a) b) c) d) ""
Текст документа: {text}
{num} вопросов c 4 вариантами ответа к документу на русском языке:";-;"1. Какую роль играет камень в истории? 
a) Он служит орудием мирного труда и прогресса. 
b) Он является источником страшной разрушительной силы. 
c) Он помогает увеличить силу человека. 
d) Он используется для создания других камней. 

2. Что делает Генерал с камнем? 
a) Он бьет по нему другим камнем, чтобы придать нужную форму. 
b) Он уничтожает камень, чтобы он не попал в руки противника. 
c) Он показывает камень противнику, чтобы вызвать страх и подавить их сопротивление. 
d) Он использует камень в качестве оружия. 

3. Почему Ка не хочет показывать свое изобретение? 
a) Потому что он боится, что другие люди будут злоупотреблять им. 
b) Потому что он хочет сохранить контроль над камнем. 
c) Потому что он не верит в Орду Коамма и хочет помешать им. 
d) Потому что он хочет использовать камень только для мирных целей. 

4. Что произойдет с Ордой Коамма, если они узнают о камне? 
a) Они будут вынуждены напасть на людей, чтобы защитить свои интересы. 
b) Они будут вынуждены использовать камень для защиты своих территорий. 
c) Они будут вынуждены отказаться от использования камня, чтобы сохранить мир. 
d) Они будут вынуждены атаковать людей, несмотря на наличие камня. 

5. Что говорит Генерал о возможности использования камня? 
a) Он считает, что камень может помочь людям стать неуязвимыми. 
b) Он считает, что камень может помочь людям победить в войне. 
c) Он считает, что камень может быть использован для строительства могил и пещер. 
d) Он считает, что камень может быть использован для убийства людей. 

6. Что говорит Ка о своем изобретении? 
a) Он считает, что камень может быть использован для блага человечества. 
b) Он считает, что камень может быть использован только для разрушения. 
c) Он считает, что камень может быть использован для создания новых форм жизни. 
d) Он считает, что камень может быть использован для создания мира и свободы. 

7. Что говорит Генерал о необходимости овладеть камнем? 
a) Он считает, что овладение камнем поможет людям победить в войне. 
b) Он считает, что овладение камнем поможет людям достичь цивилизации. 
c) Он считает, что овладение камнем поможет людям стать сильнее и могущественнее. 
d) Он считает, что овладение камнем поможет людям уничтожить Орду Коамма. 

8. Что говорит Ка о своем отказе показать камень? 
a) Он отказывается показать камень, потому что не верит в Орду Коамма. 
b) Он отказывается показать камень, потому что хочет сохранить контроль над ним. 
c) Он отказывается показать камень, потому что хочет использовать его только для мирных целей. 
d) Он отказывается показать камень, потому что хочет избежать гнева духов. 

9. Что происходит с Ка после удара Генерала? 
a) Он остается лежать на полу, без сознания. 
b) Он поднимается и продолжает разговор с Генералом. 
c) Он убегает из пещеры, чтобы спрятать камень. 
d) Он умирает от полученных травм. 

10. Что говорит Генерал о своей победе? 
a) Он считает, что победа поможет людям достичь цивилизации. 
b) Он считает, что победа поможет людям уничтожить Орду Коамма. 
c) Он считает, что победа поможет людям стать хозяевами скалы и деревьев. 
d) Он считает, что победа поможет людям завоевать мир."
data/it.txt;prompts/generate_question_prompt.yaml;7210;True;False;6.371533155441284;2310;"Перед тобой некоторая часть целостного документа. Придумай и напиши {num} УНИКАЛЬНЫХ КОРОТКИХ ВОПРОСА С 4 ВАРИАНТАМИ ОТВЕТА В КАЖДОМ , которые человек может задать к данному документу. Каждый вопрос должен иметь 4 варианта ответа, из которых только один верный. Используй информацию ТОЛЬКО из приведённой части документа. Используй непредвзятый и журналистский тон. Не повторяй текст. Обязательно пиши вопросительный знак в конце каждого вопроса. Каждый из 4 вариантов ответа обозначай соответствующей латинской буквой: a), b), c), d) Каждый вопрос нумеруй.
Твой ответ должен быть в таком формате: "" 1. ? a) b) c) d) ""
Текст документа: {text}
{num} вопросов c 4 вариантами ответа к документу на русском языке:";-;
data/it.txt;prompts/generate_question_prompt.yaml;7210;True;False;6.247953653335571;2310;"Перед тобой некоторая часть целостного документа. Придумай и напиши {num} УНИКАЛЬНЫХ КОРОТКИХ ВОПРОСА С 4 ВАРИАНТАМИ ОТВЕТА В КАЖДОМ , которые человек может задать к данному документу. Каждый вопрос должен иметь 4 варианта ответа, из которых только один верный. Используй информацию ТОЛЬКО из приведённой части документа. Используй непредвзятый и журналистский тон. Не повторяй текст. Обязательно пиши вопросительный знак в конце каждого вопроса. Каждый из 4 вариантов ответа обозначай соответствующей латинской буквой: a), b), c), d) Каждый вопрос нумеруй.
Твой ответ должен быть в таком формате: "" 1. ? a) b) c) d) ""
Текст документа: {text}
{num} вопросов c 4 вариантами ответа к документу на русском языке:";-;
data/it.txt;prompts/generate_question_prompt.yaml;7210;True;False;6.437981843948364;2310;"Перед тобой некоторая часть целостного документа. Придумай и напиши {num} УНИКАЛЬНЫХ КОРОТКИХ ВОПРОСА С 4 ВАРИАНТАМИ ОТВЕТА В КАЖДОМ , которые человек может задать к данному документу. Каждый вопрос должен иметь 4 варианта ответа, из которых только один верный. Используй информацию ТОЛЬКО из приведённой части документа. Используй непредвзятый и журналистский тон. Не повторяй текст. Обязательно пиши вопросительный знак в конце каждого вопроса. Каждый из 4 вариантов ответа обозначай соответствующей латинской буквой: a), b), c), d) Каждый вопрос нумеруй.
Твой ответ должен быть в таком формате: "" 1. ? a) b) c) d) ""
Текст документа: {text}
{num} вопросов c 4 вариантами ответа к документу на русском языке:";-;
data/it.txt;prompts/generate_question_prompt.yaml;7210;True;True;6.268543243408203;2726;"Перед тобой некоторая часть целостного документа. Придумай и напиши {num} УНИКАЛЬНЫХ КОРОТКИХ ВОПРОСА С 4 ВАРИАНТАМИ ОТВЕТА В КАЖДОМ , которые человек может задать к данному документу. Каждый вопрос должен иметь 4 варианта ответа, из которых только один верный. Используй информацию ТОЛЬКО из приведённой части документа. Используй непредвзятый и журналистский тон. Не повторяй текст. Обязательно пиши вопросительный знак в конце каждого вопроса. Каждый из 4 вариантов ответа обозначай соответствующей латинской буквой: a), b), c), d) Каждый вопрос нумеруй.
Твой ответ должен быть в таком формате: "" 1. ? a) b) c) d) ""
Текст документа: {text}
{num} вопросов c 4 вариантами ответа к документу на русском языке:";-;"1. Какую роль играет камень в истории? 
a) Он служит орудием мирного труда и прогресса. 
b) Он является источником страшной разрушительной силы. 
c) Он помогает увеличить силу человека. 
d) Он используется для создания других камней. 

2. Что делает Генерал с камнем? 
a) Он бьет по нему другим камнем, чтобы придать нужную форму. 
b) Он уничтожает камень, чтобы он не попал в руки противника. 
c) Он показывает камень противнику, чтобы вызвать страх и подавить их сопротивление. 
d) Он использует камень в качестве оружия. 

3. Почему Ка не хочет показывать свое изобретение? 
a) Потому что он боится, что другие люди будут злоупотреблять им. 
b) Потому что он хочет сохранить контроль над камнем. 
c) Потому что он не верит в Орду Коамма и хочет помешать им. 
d) Потому что он хочет использовать камень только для мирных целей. 

4. Что произойдет с Ордой Коамма, если они узнают о камне? 
a) Они будут вынуждены напасть на людей, чтобы защитить свои интересы. 
b) Они будут вынуждены использовать камень для защиты своих территорий. 
c) Они будут вынуждены отказаться от использования камня, чтобы сохранить мир. 
d) Они будут вынуждены атаковать людей, несмотря на наличие камня. 

5. Что думает Ка о своем изобретении? 
a) Он считает, что камень может изменить мир к лучшему. 
b) Он считает, что камень несет только разрушение и смерть. 
c) Он не уверен, как использовать камень, и поэтому не хочет давать его другим людям. 
"
data/crime6.txt;prompts/generate_question_prompt.yaml;45000;False;False;17.956738471984863;14108;"Перед тобой некоторая часть целостного документа. Придумай и напиши {num} УНИКАЛЬНЫХ КОРОТКИХ ВОПРОСА С 4 ВАРИАНТАМИ ОТВЕТА В КАЖДОМ , которые человек может задать к данному документу. Каждый вопрос должен иметь 4 варианта ответа, из которых только один верный. Используй информацию ТОЛЬКО из приведённой части документа. Используй непредвзятый и журналистский тон. Не повторяй текст. Обязательно пиши вопросительный знак в конце каждого вопроса. Каждый из 4 вариантов ответа обозначай соответствующей латинской буквой: a), b), c), d) Каждый вопрос нумеруй.
Твой ответ должен быть в таком формате: "" 1. ? a) b) c) d) ""
Текст документа: {text}
{num} вопросов c 4 вариантами ответа к документу на русском языке:";-;"Варианты ответов на вопрос из документа:

1. Сколько денег заработала бы бедная, но честная девица честным трудом, если бы проработала 15 лет, повадясь получать по 15 копеек в день?

Ответы:
1) Пятнадцать копеек в день
2) Ни одного копейки
3) Десять копеек в день
4) Пятнадцать копеек в день

2. Сколько денег отдал Иван Иванович Клопшток за шитье одной рубашки, не отдавая ее, и за что?

Ответы:
1) Пять копеек
2) Пятьдесят копеек
3) Пять рублей
4) Пятьдесят копеек

3. Сколько денег отдала Катерина Ивановна за шитье одной рубашки, не отдавая ее, и за что?

Ответы:
1) Пять копеек
2) Пятьдесят копеек
3) Пять рублей
4) Пятьдесят копеек

Варианты ответов на вопрос из документа:

1. Сколько денег заработала бы бедная, но честная девица честным трудом, если бы проработала 15 лет, повадясь получать по 15 копеек в день?

Ответы:
1) Пятнадцать копеек в день
2) Ни одного копейки
3) Десять копеек в день
4) Пятнадцать копеек в день

2. Сколько денег отдал Иван Иванович Клопшток за шитье одной рубашки, не отдавая ее, и за что?

Ответы:
1) Пять копеек
2) Пятьдесят копеек
3) Пять рублей
4) Пятьдесят копеек

3. Сколько денег отдала Катерина Ивановна за шитье одной рубашки, не отдавая ее, и за что?

Ответы:
1) Пять копеек
2) Пятьдесят копеек
3) Пять рублей
4) Пятьдесят копеек

Варианты ответов на вопрос из документа:

1. Сколько денег заработала бы бедная, но честная девица честным трудом, если бы проработала 15 лет, повадясь получать по 15 копеек в день?

Ответы:
1) Пятнадцать копеек в день
2) Ни одного копейки
3) Десять копеек в день
4) Пятнадцать копеек в день

2. Сколько денег отдал Иван Иванович Клопшток за шитье одной рубашки, не отдавая ее, и за что?

Ответы:
1) Пять копеек
2) Пятьдесят копеек
3) Пять рублей
4) Пятьдесят копеек

3. Сколько денег отдала Катерина Ивановна за шитье одной рубашки, не отдавая ее, и за что?

Ответы:
1) Пять копеек
2) Пятьдесят копеек
3) Пять рублей
4) Пятьдесят копеек

Варианты ответов на вопрос из документа:

1. Сколько денег заработала бы бедная, но честная девица честным трудом, если бы проработала 15 лет, повадясь получать по 15 копеек в день?

Ответы:
1) Пятнадцать копеек в день
2) Ни одного копейки
3) Десять копеек в день
4) Пятнадцать копеек в день

2. Сколько денег отдал Иван Иванович Клопшток за шитье одной рубашки, не отдавая ее, и за что?

Ответы:
1) Пять копеек
2) Пятьдесят копеек
3) Пять рублей
4) Пятьдесят копеек

3. Сколько денег отдала Катерина Ивановна за шитье одной рубашки, не отдавая ее, и за что?

Ответы:
1) Пять копеек
2) Пятьдесят копеек
3) Пять рублей
4) Пятьдесят копеек

1. Что почувствовал Мармеладов, когда вынул ключ у Катерины Ивановны? 
a) Стыд
b) Страх
c) Радость
d) Вину

"
data/crime6.txt;prompts/generate_question_prompt.yaml;45000;False;False;15.142279863357544;13953;"Перед тобой некоторая часть целостного документа. Придумай и напиши {num} УНИКАЛЬНЫХ КОРОТКИХ ВОПРОСА С 4 ВАРИАНТАМИ ОТВЕТА В КАЖДОМ , которые человек может задать к данному документу. Каждый вопрос должен иметь 4 варианта ответа, из которых только один верный. Используй информацию ТОЛЬКО из приведённой части документа. Используй непредвзятый и журналистский тон. Не повторяй текст. Обязательно пиши вопросительный знак в конце каждого вопроса. Каждый из 4 вариантов ответа обозначай соответствующей латинской буквой: a), b), c), d) Каждый вопрос нумеруй.
Твой ответ должен быть в таком формате: "" 1. ? a) b) c) d) ""
Текст документа: {text}
{num} вопросов c 4 вариантами ответа к документу на русском языке:";-;"Варианты ответов на вопрос из документа:

1. Сколько денег заработала бы бедная, но честная девица честным трудом, если бы проработала 15 лет, повадясь получать по 15 копеек в день?

Ответы:
1) Пятнадцать копеек в день
2) Ни одного копейки
3) Десять копеек в день
4) Пятнадцать копеек в день

2. Сколько денег отдал Иван Иванович Клопшток за шитье одной рубашки, не отдавая ее, и за что?

Ответы:
1) Пять копеек
2) Пятьдесят копеек
3) Пять рублей
4) Пятьдесят копеек

3. Сколько денег отдала Катерина Ивановна за шитье одной рубашки, не отдавая ее, и за что?

Ответы:
1) Пять копеек
2) Пятьдесят копеек
3) Пять рублей
4) Пятьдесят копеек

1. Что почувствовал Мармеладов, когда вынул ключ у Катерины Ивановны? 
a) Стыд
b) Страх
c) Радость
d) Вину

1. Что почувствовал Мармеладов, когда вынул ключ у Катерины Ивановны? 
a) Стыд
b) Страх
c) Радость
d) Вину

Варианты ответов на вопрос из документа:

1. Сколько денег заработала бы бедная, но честная девица честным трудом, если бы проработала 15 лет, повадясь получать по 15 копеек в день?

Ответы:
1) Пятнадцать копеек в день
2) Ни одного копейки
3) Десять копеек в день
4) Пятнадцать копеек в день

2. Сколько денег отдал Иван Иванович Клопшток за шитье одной рубашки, не отдавая ее, и за что?

Ответы:
1) Пять копеек
2) Пятьдесят копеек
3) Пять рублей
4) Пятьдесят копеек

3. Сколько денег отдала Катерина Ивановна за шитье одной рубашки, не отдавая ее, и за что?

Ответы:
1) Пять копеек
2) Пятьдесят копеек
3) Пять рублей
4) Пятьдесят копеек

Варианты ответов на вопрос из документа:

1. Сколько денег заработала бы бедная, но честная девица честным трудом, если бы проработала 15 лет, повадясь получать по 15 копеек в день?

Ответы:
1) Пятнадцать копеек в день
2) Ни одного копейки
3) Десять копеек в день
4) Пятнадцать копеек в день

2. Сколько денег отдал Иван Иванович Клопшток за шитье одной рубашки, не отдавая ее, и за что?

Ответы:
1) Пять копеек
2) Пятьдесят копеек
3) Пять рублей
4) Пятьдесят копеек

3. Сколько денег отдала Катерина Ивановна за шитье одной рубашки, не отдавая ее, и за что?

Ответы:
1) Пять копеек
2) Пятьдесят копеек
3) Пять рублей
4) Пятьдесят копеек

"
